CQID,CQ,scenario
FestSCQ1,When did a certain theatre festival take place?,"Theatre productions During each year a number of theatre festivals are held in cities around Italy. In January 2007 a festival called 'Roma Loves Shakespeare' took place in Rome. Two different productions of 'The Merchant of Venice' participated, one from a theatre in Pisa and the other from a theatre institute in Venice, featuring an ensemble of university art students. Other plays were Othello and a Midsummer Night’s Dream.The Grand Theatre in Rome offers two theatre shows each evening during September and October 2009. The play set up in this period is the "Merchant of Venice" given through an ensemble of well-known Italian actors. The Merchant of Venice was written during 1596 to 1598 by William Shakespeare and it has 5 distinct acts. The premier of this production at The Grand Theatre was on September 7. Il Gazzettino gave the setup of the play 5 stars in a recent review. Fabio Bianchi is an Italian actor employed at the theatre since May 2004 he is a part of the ensemble setting up the Merchant of Venice and he plays the Duke of Venice but also a servant in one of the scenes. During the second and third week of September the role of Shylock is played by Arnold Schwarzenegger as a special guest actor."
FestSCQ2,Where did a certain festival take place?,"Theatre productions During each year a number of theatre festivals are held in cities around Italy. In January 2007 a festival called 'Roma Loves Shakespeare' took place in Rome. Two different productions of 'The Merchant of Venice' participated, one from a theatre in Pisa and the other from a theatre institute in Venice, featuring an ensemble of university art students. Other plays were Othello and a Midsummer Night’s Dream.The Grand Theatre in Rome offers two theatre shows each evening during September and October 2009. The play set up in this period is the "Merchant of Venice" given through an ensemble of well-known Italian actors. The Merchant of Venice was written during 1596 to 1598 by William Shakespeare and it has 5 distinct acts. The premier of this production at The Grand Theatre was on September 7. Il Gazzettino gave the setup of the play 5 stars in a recent review. Fabio Bianchi is an Italian actor employed at the theatre since May 2004 he is a part of the ensemble setting up the Merchant of Venice and he plays the Duke of Venice but also a servant in one of the scenes. During the second and third week of September the role of Shylock is played by Arnold Schwarzenegger as a special guest actor."
FestSCQ3,What plays could be seen during a certain theatre festival?,"Theatre productions During each year a number of theatre festivals are held in cities around Italy. In January 2007 a festival called 'Roma Loves Shakespeare' took place in Rome. Two different productions of 'The Merchant of Venice' participated, one from a theatre in Pisa and the other from a theatre institute in Venice, featuring an ensemble of university art students. Other plays were Othello and a Midsummer Night’s Dream.The Grand Theatre in Rome offers two theatre shows each evening during September and October 2009. The play set up in this period is the "Merchant of Venice" given through an ensemble of well-known Italian actors. The Merchant of Venice was written during 1596 to 1598 by William Shakespeare and it has 5 distinct acts. The premier of this production at The Grand Theatre was on September 7. Il Gazzettino gave the setup of the play 5 stars in a recent review. Fabio Bianchi is an Italian actor employed at the theatre since May 2004 he is a part of the ensemble setting up the Merchant of Venice and he plays the Duke of Venice but also a servant in one of the scenes. During the second and third week of September the role of Shylock is played by Arnold Schwarzenegger as a special guest actor."
FestSCQ4,In what city is a certain theatre located?,"Theatre productions During each year a number of theatre festivals are held in cities around Italy. In January 2007 a festival called 'Roma Loves Shakespeare' took place in Rome. Two different productions of 'The Merchant of Venice' participated, one from a theatre in Pisa and the other from a theatre institute in Venice, featuring an ensemble of university art students. Other plays were Othello and a Midsummer Night’s Dream.The Grand Theatre in Rome offers two theatre shows each evening during September and October 2009. The play set up in this period is the "Merchant of Venice" given through an ensemble of well-known Italian actors. The Merchant of Venice was written during 1596 to 1598 by William Shakespeare and it has 5 distinct acts. The premier of this production at The Grand Theatre was on September 7. Il Gazzettino gave the setup of the play 5 stars in a recent review. Fabio Bianchi is an Italian actor employed at the theatre since May 2004 he is a part of the ensemble setting up the Merchant of Venice and he plays the Duke of Venice but also a servant in one of the scenes. During the second and third week of September the role of Shylock is played by Arnold Schwarzenegger as a special guest actor."
FestSCQ5,In what country is a certain city located?,"Theatre productions During each year a number of theatre festivals are held in cities around Italy. In January 2007 a festival called 'Roma Loves Shakespeare' took place in Rome. Two different productions of 'The Merchant of Venice' participated, one from a theatre in Pisa and the other from a theatre institute in Venice, featuring an ensemble of university art students. Other plays were Othello and a Midsummer Night’s Dream.The Grand Theatre in Rome offers two theatre shows each evening during September and October 2009. The play set up in this period is the "Merchant of Venice" given through an ensemble of well-known Italian actors. The Merchant of Venice was written during 1596 to 1598 by William Shakespeare and it has 5 distinct acts. The premier of this production at The Grand Theatre was on September 7. Il Gazzettino gave the setup of the play 5 stars in a recent review. Fabio Bianchi is an Italian actor employed at the theatre since May 2004 he is a part of the ensemble setting up the Merchant of Venice and he plays the Duke of Venice but also a servant in one of the scenes. During the second and third week of September the role of Shylock is played by Arnold Schwarzenegger as a special guest actor."
FestSCQ6,What play is the basis of this production?,"Theatre productions During each year a number of theatre festivals are held in cities around Italy. In January 2007 a festival called 'Roma Loves Shakespeare' took place in Rome. Two different productions of 'The Merchant of Venice' participated, one from a theatre in Pisa and the other from a theatre institute in Venice, featuring an ensemble of university art students. Other plays were Othello and a Midsummer Night’s Dream.The Grand Theatre in Rome offers two theatre shows each evening during September and October 2009. The play set up in this period is the "Merchant of Venice" given through an ensemble of well-known Italian actors. The Merchant of Venice was written during 1596 to 1598 by William Shakespeare and it has 5 distinct acts. The premier of this production at The Grand Theatre was on September 7. Il Gazzettino gave the setup of the play 5 stars in a recent review. Fabio Bianchi is an Italian actor employed at the theatre since May 2004 he is a part of the ensemble setting up the Merchant of Venice and he plays the Duke of Venice but also a servant in one of the scenes. During the second and third week of September the role of Shylock is played by Arnold Schwarzenegger as a special guest actor."
FestSCQ7,Who are the members of a certain ensemble at a certain point in time?,"Theatre productions During each year a number of theatre festivals are held in cities around Italy. In January 2007 a festival called 'Roma Loves Shakespeare' took place in Rome. Two different productions of 'The Merchant of Venice' participated, one from a theatre in Pisa and the other from a theatre institute in Venice, featuring an ensemble of university art students. Other plays were Othello and a Midsummer Night’s Dream.The Grand Theatre in Rome offers two theatre shows each evening during September and October 2009. The play set up in this period is the "Merchant of Venice" given through an ensemble of well-known Italian actors. The Merchant of Venice was written during 1596 to 1598 by William Shakespeare and it has 5 distinct acts. The premier of this production at The Grand Theatre was on September 7. Il Gazzettino gave the setup of the play 5 stars in a recent review. Fabio Bianchi is an Italian actor employed at the theatre since May 2004 he is a part of the ensemble setting up the Merchant of Venice and he plays the Duke of Venice but also a servant in one of the scenes. During the second and third week of September the role of Shylock is played by Arnold Schwarzenegger as a special guest actor."
FestSCQ8,What plays did a certain author write?,"Theatre productions During each year a number of theatre festivals are held in cities around Italy. In January 2007 a festival called 'Roma Loves Shakespeare' took place in Rome. Two different productions of 'The Merchant of Venice' participated, one from a theatre in Pisa and the other from a theatre institute in Venice, featuring an ensemble of university art students. Other plays were Othello and a Midsummer Night’s Dream.The Grand Theatre in Rome offers two theatre shows each evening during September and October 2009. The play set up in this period is the "Merchant of Venice" given through an ensemble of well-known Italian actors. The Merchant of Venice was written during 1596 to 1598 by William Shakespeare and it has 5 distinct acts. The premier of this production at The Grand Theatre was on September 7. Il Gazzettino gave the setup of the play 5 stars in a recent review. Fabio Bianchi is an Italian actor employed at the theatre since May 2004 he is a part of the ensemble setting up the Merchant of Venice and he plays the Duke of Venice but also a servant in one of the scenes. During the second and third week of September the role of Shylock is played by Arnold Schwarzenegger as a special guest actor."
FestSCQ9,During what time period was a certain play written?,"Theatre productions During each year a number of theatre festivals are held in cities around Italy. In January 2007 a festival called 'Roma Loves Shakespeare' took place in Rome. Two different productions of 'The Merchant of Venice' participated, one from a theatre in Pisa and the other from a theatre institute in Venice, featuring an ensemble of university art students. Other plays were Othello and a Midsummer Night’s Dream.The Grand Theatre in Rome offers two theatre shows each evening during September and October 2009. The play set up in this period is the "Merchant of Venice" given through an ensemble of well-known Italian actors. The Merchant of Venice was written during 1596 to 1598 by William Shakespeare and it has 5 distinct acts. The premier of this production at The Grand Theatre was on September 7. Il Gazzettino gave the setup of the play 5 stars in a recent review. Fabio Bianchi is an Italian actor employed at the theatre since May 2004 he is a part of the ensemble setting up the Merchant of Venice and he plays the Duke of Venice but also a servant in one of the scenes. During the second and third week of September the role of Shylock is played by Arnold Schwarzenegger as a special guest actor."
FestSCQ10,How many acts does a particular play contain?,"Theatre productions During each year a number of theatre festivals are held in cities around Italy. In January 2007 a festival called 'Roma Loves Shakespeare' took place in Rome. Two different productions of 'The Merchant of Venice' participated, one from a theatre in Pisa and the other from a theatre institute in Venice, featuring an ensemble of university art students. Other plays were Othello and a Midsummer Night’s Dream.The Grand Theatre in Rome offers two theatre shows each evening during September and October 2009. The play set up in this period is the "Merchant of Venice" given through an ensemble of well-known Italian actors. The Merchant of Venice was written during 1596 to 1598 by William Shakespeare and it has 5 distinct acts. The premier of this production at The Grand Theatre was on September 7. Il Gazzettino gave the setup of the play 5 stars in a recent review. Fabio Bianchi is an Italian actor employed at the theatre since May 2004 he is a part of the ensemble setting up the Merchant of Venice and he plays the Duke of Venice but also a servant in one of the scenes. During the second and third week of September the role of Shylock is played by Arnold Schwarzenegger as a special guest actor."
FestSCQ11,When was the premier of a certain production?,"Theatre productions During each year a number of theatre festivals are held in cities around Italy. In January 2007 a festival called 'Roma Loves Shakespeare' took place in Rome. Two different productions of 'The Merchant of Venice' participated, one from a theatre in Pisa and the other from a theatre institute in Venice, featuring an ensemble of university art students. Other plays were Othello and a Midsummer Night’s Dream.The Grand Theatre in Rome offers two theatre shows each evening during September and October 2009. The play set up in this period is the "Merchant of Venice" given through an ensemble of well-known Italian actors. The Merchant of Venice was written during 1596 to 1598 by William Shakespeare and it has 5 distinct acts. The premier of this production at The Grand Theatre was on September 7. Il Gazzettino gave the setup of the play 5 stars in a recent review. Fabio Bianchi is an Italian actor employed at the theatre since May 2004 he is a part of the ensemble setting up the Merchant of Venice and he plays the Duke of Venice but also a servant in one of the scenes. During the second and third week of September the role of Shylock is played by Arnold Schwarzenegger as a special guest actor."
FestSCQ12,What is the “star rating” given by a certain newspaper for a certain production?,"Theatre productions During each year a number of theatre festivals are held in cities around Italy. In January 2007 a festival called 'Roma Loves Shakespeare' took place in Rome. Two different productions of 'The Merchant of Venice' participated, one from a theatre in Pisa and the other from a theatre institute in Venice, featuring an ensemble of university art students. Other plays were Othello and a Midsummer Night’s Dream.The Grand Theatre in Rome offers two theatre shows each evening during September and October 2009. The play set up in this period is the "Merchant of Venice" given through an ensemble of well-known Italian actors. The Merchant of Venice was written during 1596 to 1598 by William Shakespeare and it has 5 distinct acts. The premier of this production at The Grand Theatre was on September 7. Il Gazzettino gave the setup of the play 5 stars in a recent review. Fabio Bianchi is an Italian actor employed at the theatre since May 2004 he is a part of the ensemble setting up the Merchant of Venice and he plays the Duke of Venice but also a servant in one of the scenes. During the second and third week of September the role of Shylock is played by Arnold Schwarzenegger as a special guest actor."
FestSCQ13,At what time did a certain actor start working for a specific theatre?,"Theatre productions During each year a number of theatre festivals are held in cities around Italy. In January 2007 a festival called 'Roma Loves Shakespeare' took place in Rome. Two different productions of 'The Merchant of Venice' participated, one from a theatre in Pisa and the other from a theatre institute in Venice, featuring an ensemble of university art students. Other plays were Othello and a Midsummer Night’s Dream.The Grand Theatre in Rome offers two theatre shows each evening during September and October 2009. The play set up in this period is the "Merchant of Venice" given through an ensemble of well-known Italian actors. The Merchant of Venice was written during 1596 to 1598 by William Shakespeare and it has 5 distinct acts. The premier of this production at The Grand Theatre was on September 7. Il Gazzettino gave the setup of the play 5 stars in a recent review. Fabio Bianchi is an Italian actor employed at the theatre since May 2004 he is a part of the ensemble setting up the Merchant of Venice and he plays the Duke of Venice but also a servant in one of the scenes. During the second and third week of September the role of Shylock is played by Arnold Schwarzenegger as a special guest actor."
FestSCQ14,What roles does a certain person have within a certain production at a certain point in time?,"Theatre productions During each year a number of theatre festivals are held in cities around Italy. In January 2007 a festival called 'Roma Loves Shakespeare' took place in Rome. Two different productions of 'The Merchant of Venice' participated, one from a theatre in Pisa and the other from a theatre institute in Venice, featuring an ensemble of university art students. Other plays were Othello and a Midsummer Night’s Dream.The Grand Theatre in Rome offers two theatre shows each evening during September and October 2009. The play set up in this period is the "Merchant of Venice" given through an ensemble of well-known Italian actors. The Merchant of Venice was written during 1596 to 1598 by William Shakespeare and it has 5 distinct acts. The premier of this production at The Grand Theatre was on September 7. Il Gazzettino gave the setup of the play 5 stars in a recent review. Fabio Bianchi is an Italian actor employed at the theatre since May 2004 he is a part of the ensemble setting up the Merchant of Venice and he plays the Duke of Venice but also a servant in one of the scenes. During the second and third week of September the role of Shylock is played by Arnold Schwarzenegger as a special guest actor."
FestSCQ15,A production has exactly one premier.,"Theatre productions During each year a number of theatre festivals are held in cities around Italy. In January 2007 a festival called 'Roma Loves Shakespeare' took place in Rome. Two different productions of 'The Merchant of Venice' participated, one from a theatre in Pisa and the other from a theatre institute in Venice, featuring an ensemble of university art students. Other plays were Othello and a Midsummer Night’s Dream.The Grand Theatre in Rome offers two theatre shows each evening during September and October 2009. The play set up in this period is the "Merchant of Venice" given through an ensemble of well-known Italian actors. The Merchant of Venice was written during 1596 to 1598 by William Shakespeare and it has 5 distinct acts. The premier of this production at The Grand Theatre was on September 7. Il Gazzettino gave the setup of the play 5 stars in a recent review. Fabio Bianchi is an Italian actor employed at the theatre since May 2004 he is a part of the ensemble setting up the Merchant of Venice and he plays the Duke of Venice but also a servant in one of the scenes. During the second and third week of September the role of Shylock is played by Arnold Schwarzenegger as a special guest actor."
MusicSCQ1,What instruments does a certain person play?,"Music production
The current configuration of the 'Red Hot Chili Peppers' are: Anthony Kiedis (vocals), Flea (bass, trumpet, keyboards, and vocals), John Frusciante (guitar), and Chad Smith (drums).  The line-up has changed a few times during they years, Frusciante replaced Hillel Slovak in 1988, and when Jack Irons left the band he was briefly replaced by D.H. Peligo until the band found Chad Smith. In addition to playing guitars for Red hot Chili Peppers Frusciante also contributed to the band “The Mars Volta” as a vocalist for some time.
From September 2004, the Red Hot Chili Peppers started recording the album 'Stadium Arcadium'. The album contains 28 tracks and was released on May 5 2006. It includes a track of the song 'Hump de Bump', which was composed in January 26, 2004.
The critic Crian Hiatt defined the album as the most ambitious work in his twenty-three-year career. On August 11 (2006) the band gave a live performance in Portland, Oregon (US), featuring songs from Stadium Arcadium."
MusicSCQ2,What are the members of a certain band at a certain point in time?,"Music production
The current configuration of the 'Red Hot Chili Peppers' are: Anthony Kiedis (vocals), Flea (bass, trumpet, keyboards, and vocals), John Frusciante (guitar), and Chad Smith (drums).  The line-up has changed a few times during they years, Frusciante replaced Hillel Slovak in 1988, and when Jack Irons left the band he was briefly replaced by D.H. Peligo until the band found Chad Smith. In addition to playing guitars for Red hot Chili Peppers Frusciante also contributed to the band “The Mars Volta” as a vocalist for some time.
From September 2004, the Red Hot Chili Peppers started recording the album 'Stadium Arcadium'. The album contains 28 tracks and was released on May 5 2006. It includes a track of the song 'Hump de Bump', which was composed in January 26, 2004.
The critic Crian Hiatt defined the album as the most ambitious work in his twenty-three-year career. On August 11 (2006) the band gave a live performance in Portland, Oregon (US), featuring songs from Stadium Arcadium."
MusicSCQ3,What role does a certain person have in a certain band at a certain point in time?,"Music production
The current configuration of the 'Red Hot Chili Peppers' are: Anthony Kiedis (vocals), Flea (bass, trumpet, keyboards, and vocals), John Frusciante (guitar), and Chad Smith (drums).  The line-up has changed a few times during they years, Frusciante replaced Hillel Slovak in 1988, and when Jack Irons left the band he was briefly replaced by D.H. Peligo until the band found Chad Smith. In addition to playing guitars for Red hot Chili Peppers Frusciante also contributed to the band “The Mars Volta” as a vocalist for some time.
From September 2004, the Red Hot Chili Peppers started recording the album 'Stadium Arcadium'. The album contains 28 tracks and was released on May 5 2006. It includes a track of the song 'Hump de Bump', which was composed in January 26, 2004.
The critic Crian Hiatt defined the album as the most ambitious work in his twenty-three-year career. On August 11 (2006) the band gave a live performance in Portland, Oregon (US), featuring songs from Stadium Arcadium."
MusicSCQ4,During what time period was a certain album recorded?,"Music production
The current configuration of the 'Red Hot Chili Peppers' are: Anthony Kiedis (vocals), Flea (bass, trumpet, keyboards, and vocals), John Frusciante (guitar), and Chad Smith (drums).  The line-up has changed a few times during they years, Frusciante replaced Hillel Slovak in 1988, and when Jack Irons left the band he was briefly replaced by D.H. Peligo until the band found Chad Smith. In addition to playing guitars for Red hot Chili Peppers Frusciante also contributed to the band “The Mars Volta” as a vocalist for some time.
From September 2004, the Red Hot Chili Peppers started recording the album 'Stadium Arcadium'. The album contains 28 tracks and was released on May 5 2006. It includes a track of the song 'Hump de Bump', which was composed in January 26, 2004.
The critic Crian Hiatt defined the album as the most ambitious work in his twenty-three-year career. On August 11 (2006) the band gave a live performance in Portland, Oregon (US), featuring songs from Stadium Arcadium."
MusicSCQ5,How many tracks does a particular album contain?,"Music production
The current configuration of the 'Red Hot Chili Peppers' are: Anthony Kiedis (vocals), Flea (bass, trumpet, keyboards, and vocals), John Frusciante (guitar), and Chad Smith (drums).  The line-up has changed a few times during they years, Frusciante replaced Hillel Slovak in 1988, and when Jack Irons left the band he was briefly replaced by D.H. Peligo until the band found Chad Smith. In addition to playing guitars for Red hot Chili Peppers Frusciante also contributed to the band “The Mars Volta” as a vocalist for some time.
From September 2004, the Red Hot Chili Peppers started recording the album 'Stadium Arcadium'. The album contains 28 tracks and was released on May 5 2006. It includes a track of the song 'Hump de Bump', which was composed in January 26, 2004.
The critic Crian Hiatt defined the album as the most ambitious work in his twenty-three-year career. On August 11 (2006) the band gave a live performance in Portland, Oregon (US), featuring songs from Stadium Arcadium."
MusicSCQ6,When was a certain album released?,"Music production
The current configuration of the 'Red Hot Chili Peppers' are: Anthony Kiedis (vocals), Flea (bass, trumpet, keyboards, and vocals), John Frusciante (guitar), and Chad Smith (drums).  The line-up has changed a few times during they years, Frusciante replaced Hillel Slovak in 1988, and when Jack Irons left the band he was briefly replaced by D.H. Peligo until the band found Chad Smith. In addition to playing guitars for Red hot Chili Peppers Frusciante also contributed to the band “The Mars Volta” as a vocalist for some time.
From September 2004, the Red Hot Chili Peppers started recording the album 'Stadium Arcadium'. The album contains 28 tracks and was released on May 5 2006. It includes a track of the song 'Hump de Bump', which was composed in January 26, 2004.
The critic Crian Hiatt defined the album as the most ambitious work in his twenty-three-year career. On August 11 (2006) the band gave a live performance in Portland, Oregon (US), featuring songs from Stadium Arcadium."
MusicSCQ7,What song is a specific track a recording of?,"Music production
The current configuration of the 'Red Hot Chili Peppers' are: Anthony Kiedis (vocals), Flea (bass, trumpet, keyboards, and vocals), John Frusciante (guitar), and Chad Smith (drums).  The line-up has changed a few times during they years, Frusciante replaced Hillel Slovak in 1988, and when Jack Irons left the band he was briefly replaced by D.H. Peligo until the band found Chad Smith. In addition to playing guitars for Red hot Chili Peppers Frusciante also contributed to the band “The Mars Volta” as a vocalist for some time.
From September 2004, the Red Hot Chili Peppers started recording the album 'Stadium Arcadium'. The album contains 28 tracks and was released on May 5 2006. It includes a track of the song 'Hump de Bump', which was composed in January 26, 2004.
The critic Crian Hiatt defined the album as the most ambitious work in his twenty-three-year career. On August 11 (2006) the band gave a live performance in Portland, Oregon (US), featuring songs from Stadium Arcadium."
MusicSCQ8,When was a certain song composed?,"Music production
The current configuration of the 'Red Hot Chili Peppers' are: Anthony Kiedis (vocals), Flea (bass, trumpet, keyboards, and vocals), John Frusciante (guitar), and Chad Smith (drums).  The line-up has changed a few times during they years, Frusciante replaced Hillel Slovak in 1988, and when Jack Irons left the band he was briefly replaced by D.H. Peligo until the band found Chad Smith. In addition to playing guitars for Red hot Chili Peppers Frusciante also contributed to the band “The Mars Volta” as a vocalist for some time.
From September 2004, the Red Hot Chili Peppers started recording the album 'Stadium Arcadium'. The album contains 28 tracks and was released on May 5 2006. It includes a track of the song 'Hump de Bump', which was composed in January 26, 2004.
The critic Crian Hiatt defined the album as the most ambitious work in his twenty-three-year career. On August 11 (2006) the band gave a live performance in Portland, Oregon (US), featuring songs from Stadium Arcadium."
MusicSCQ9,What does a certain critic say about a certain record?,"Music production
The current configuration of the 'Red Hot Chili Peppers' are: Anthony Kiedis (vocals), Flea (bass, trumpet, keyboards, and vocals), John Frusciante (guitar), and Chad Smith (drums).  The line-up has changed a few times during they years, Frusciante replaced Hillel Slovak in 1988, and when Jack Irons left the band he was briefly replaced by D.H. Peligo until the band found Chad Smith. In addition to playing guitars for Red hot Chili Peppers Frusciante also contributed to the band “The Mars Volta” as a vocalist for some time.
From September 2004, the Red Hot Chili Peppers started recording the album 'Stadium Arcadium'. The album contains 28 tracks and was released on May 5 2006. It includes a track of the song 'Hump de Bump', which was composed in January 26, 2004.
The critic Crian Hiatt defined the album as the most ambitious work in his twenty-three-year career. On August 11 (2006) the band gave a live performance in Portland, Oregon (US), featuring songs from Stadium Arcadium."
MusicSCQ10,When did a certain performance take place?,"Music production
The current configuration of the 'Red Hot Chili Peppers' are: Anthony Kiedis (vocals), Flea (bass, trumpet, keyboards, and vocals), John Frusciante (guitar), and Chad Smith (drums).  The line-up has changed a few times during they years, Frusciante replaced Hillel Slovak in 1988, and when Jack Irons left the band he was briefly replaced by D.H. Peligo until the band found Chad Smith. In addition to playing guitars for Red hot Chili Peppers Frusciante also contributed to the band “The Mars Volta” as a vocalist for some time.
From September 2004, the Red Hot Chili Peppers started recording the album 'Stadium Arcadium'. The album contains 28 tracks and was released on May 5 2006. It includes a track of the song 'Hump de Bump', which was composed in January 26, 2004.
The critic Crian Hiatt defined the album as the most ambitious work in his twenty-three-year career. On August 11 (2006) the band gave a live performance in Portland, Oregon (US), featuring songs from Stadium Arcadium."
MusicSCQ11,What songs were played in a certain performance?,"Music production
The current configuration of the 'Red Hot Chili Peppers' are: Anthony Kiedis (vocals), Flea (bass, trumpet, keyboards, and vocals), John Frusciante (guitar), and Chad Smith (drums).  The line-up has changed a few times during they years, Frusciante replaced Hillel Slovak in 1988, and when Jack Irons left the band he was briefly replaced by D.H. Peligo until the band found Chad Smith. In addition to playing guitars for Red hot Chili Peppers Frusciante also contributed to the band “The Mars Volta” as a vocalist for some time.
From September 2004, the Red Hot Chili Peppers started recording the album 'Stadium Arcadium'. The album contains 28 tracks and was released on May 5 2006. It includes a track of the song 'Hump de Bump', which was composed in January 26, 2004.
The critic Crian Hiatt defined the album as the most ambitious work in his twenty-three-year career. On August 11 (2006) the band gave a live performance in Portland, Oregon (US), featuring songs from Stadium Arcadium."
MusicSCQ12,Where did a certain performance take place?,"Music production
The current configuration of the 'Red Hot Chili Peppers' are: Anthony Kiedis (vocals), Flea (bass, trumpet, keyboards, and vocals), John Frusciante (guitar), and Chad Smith (drums).  The line-up has changed a few times during they years, Frusciante replaced Hillel Slovak in 1988, and when Jack Irons left the band he was briefly replaced by D.H. Peligo until the band found Chad Smith. In addition to playing guitars for Red hot Chili Peppers Frusciante also contributed to the band “The Mars Volta” as a vocalist for some time.
From September 2004, the Red Hot Chili Peppers started recording the album 'Stadium Arcadium'. The album contains 28 tracks and was released on May 5 2006. It includes a track of the song 'Hump de Bump', which was composed in January 26, 2004.
The critic Crian Hiatt defined the album as the most ambitious work in his twenty-three-year career. On August 11 (2006) the band gave a live performance in Portland, Oregon (US), featuring songs from Stadium Arcadium."
MusicSCQ13,In what region is a certain city located?,"Music production
The current configuration of the 'Red Hot Chili Peppers' are: Anthony Kiedis (vocals), Flea (bass, trumpet, keyboards, and vocals), John Frusciante (guitar), and Chad Smith (drums).  The line-up has changed a few times during they years, Frusciante replaced Hillel Slovak in 1988, and when Jack Irons left the band he was briefly replaced by D.H. Peligo until the band found Chad Smith. In addition to playing guitars for Red hot Chili Peppers Frusciante also contributed to the band “The Mars Volta” as a vocalist for some time.
From September 2004, the Red Hot Chili Peppers started recording the album 'Stadium Arcadium'. The album contains 28 tracks and was released on May 5 2006. It includes a track of the song 'Hump de Bump', which was composed in January 26, 2004.
The critic Crian Hiatt defined the album as the most ambitious work in his twenty-three-year career. On August 11 (2006) the band gave a live performance in Portland, Oregon (US), featuring songs from Stadium Arcadium."
MusicSCQ14,In what country is a certain region located?,"Music production
The current configuration of the 'Red Hot Chili Peppers' are: Anthony Kiedis (vocals), Flea (bass, trumpet, keyboards, and vocals), John Frusciante (guitar), and Chad Smith (drums).  The line-up has changed a few times during they years, Frusciante replaced Hillel Slovak in 1988, and when Jack Irons left the band he was briefly replaced by D.H. Peligo until the band found Chad Smith. In addition to playing guitars for Red hot Chili Peppers Frusciante also contributed to the band “The Mars Volta” as a vocalist for some time.
From September 2004, the Red Hot Chili Peppers started recording the album 'Stadium Arcadium'. The album contains 28 tracks and was released on May 5 2006. It includes a track of the song 'Hump de Bump', which was composed in January 26, 2004.
The critic Crian Hiatt defined the album as the most ambitious work in his twenty-three-year career. On August 11 (2006) the band gave a live performance in Portland, Oregon (US), featuring songs from Stadium Arcadium."
MusicSCQ15,A record always contains at least one track.,"Music production
The current configuration of the 'Red Hot Chili Peppers' are: Anthony Kiedis (vocals), Flea (bass, trumpet, keyboards, and vocals), John Frusciante (guitar), and Chad Smith (drums).  The line-up has changed a few times during they years, Frusciante replaced Hillel Slovak in 1988, and when Jack Irons left the band he was briefly replaced by D.H. Peligo until the band found Chad Smith. In addition to playing guitars for Red hot Chili Peppers Frusciante also contributed to the band “The Mars Volta” as a vocalist for some time.
From September 2004, the Red Hot Chili Peppers started recording the album 'Stadium Arcadium'. The album contains 28 tracks and was released on May 5 2006. It includes a track of the song 'Hump de Bump', which was composed in January 26, 2004.
The critic Crian Hiatt defined the album as the most ambitious work in his twenty-three-year career. On August 11 (2006) the band gave a live performance in Portland, Oregon (US), featuring songs from Stadium Arcadium."
HospitalSCQ1,What medical degrees does a certain person have?,"Hospital setting
Pasquale Di Gennaro first studied to become a nursing assistant, but after working some years he decided to continue studying to become a certified nurse. He took his degree in May 2001. On September 21 (2001) he was employed at Ospedale Riunito delle Tre Valli in the city of Nocera Inferiore (IT). In the hospital there are different unions organising the staff. Pasquale Di Gennaro has been the union representative for male nurses at Ospedale Riunito delle Tre Valli from 2002. Senior doctors regularly evaluate all employees working with patient care, and these written statements are stored for future reference.
To constantly update their knowledge both nurses and doctors read research articles that can be found in article collections at the hospital library. Article collections are usually available both as books and electronically on CDs. In 2008 an article collection entitled 'Nurse practices in cancer patient care – longitudinal studies at Italian hospitals' was published as a book. The book contains an article by Pasquale Di Gennaro, entitled 'A 5 year-program for improving cancer care – experiences and future directions'. In total the book version of this collection has 346 pages. For discussing new articles Italian hospitals regularly hold seminars where a number of articles are presented. In December 2008 such a seminar was held in Nocera Inferiore at Ospedale Riunito delle Tre Valli."
HospitalSCQ2,During what time period did a certain person study for a specific degree?,"Hospital setting
Pasquale Di Gennaro first studied to become a nursing assistant, but after working some years he decided to continue studying to become a certified nurse. He took his degree in May 2001. On September 21 (2001) he was employed at Ospedale Riunito delle Tre Valli in the city of Nocera Inferiore (IT). In the hospital there are different unions organising the staff. Pasquale Di Gennaro has been the union representative for male nurses at Ospedale Riunito delle Tre Valli from 2002. Senior doctors regularly evaluate all employees working with patient care, and these written statements are stored for future reference.
To constantly update their knowledge both nurses and doctors read research articles that can be found in article collections at the hospital library. Article collections are usually available both as books and electronically on CDs. In 2008 an article collection entitled 'Nurse practices in cancer patient care – longitudinal studies at Italian hospitals' was published as a book. The book contains an article by Pasquale Di Gennaro, entitled 'A 5 year-program for improving cancer care – experiences and future directions'. In total the book version of this collection has 346 pages. For discussing new articles Italian hospitals regularly hold seminars where a number of articles are presented. In December 2008 such a seminar was held in Nocera Inferiore at Ospedale Riunito delle Tre Valli."
HospitalSCQ3,When was a certain person first employed at a certain hospital?,"Hospital setting
Pasquale Di Gennaro first studied to become a nursing assistant, but after working some years he decided to continue studying to become a certified nurse. He took his degree in May 2001. On September 21 (2001) he was employed at Ospedale Riunito delle Tre Valli in the city of Nocera Inferiore (IT). In the hospital there are different unions organising the staff. Pasquale Di Gennaro has been the union representative for male nurses at Ospedale Riunito delle Tre Valli from 2002. Senior doctors regularly evaluate all employees working with patient care, and these written statements are stored for future reference.
To constantly update their knowledge both nurses and doctors read research articles that can be found in article collections at the hospital library. Article collections are usually available both as books and electronically on CDs. In 2008 an article collection entitled 'Nurse practices in cancer patient care – longitudinal studies at Italian hospitals' was published as a book. The book contains an article by Pasquale Di Gennaro, entitled 'A 5 year-program for improving cancer care – experiences and future directions'. In total the book version of this collection has 346 pages. For discussing new articles Italian hospitals regularly hold seminars where a number of articles are presented. In December 2008 such a seminar was held in Nocera Inferiore at Ospedale Riunito delle Tre Valli."
HospitalSCQ4,In what city is a certain hospital located?,"Hospital setting
Pasquale Di Gennaro first studied to become a nursing assistant, but after working some years he decided to continue studying to become a certified nurse. He took his degree in May 2001. On September 21 (2001) he was employed at Ospedale Riunito delle Tre Valli in the city of Nocera Inferiore (IT). In the hospital there are different unions organising the staff. Pasquale Di Gennaro has been the union representative for male nurses at Ospedale Riunito delle Tre Valli from 2002. Senior doctors regularly evaluate all employees working with patient care, and these written statements are stored for future reference.
To constantly update their knowledge both nurses and doctors read research articles that can be found in article collections at the hospital library. Article collections are usually available both as books and electronically on CDs. In 2008 an article collection entitled 'Nurse practices in cancer patient care – longitudinal studies at Italian hospitals' was published as a book. The book contains an article by Pasquale Di Gennaro, entitled 'A 5 year-program for improving cancer care – experiences and future directions'. In total the book version of this collection has 346 pages. For discussing new articles Italian hospitals regularly hold seminars where a number of articles are presented. In December 2008 such a seminar was held in Nocera Inferiore at Ospedale Riunito delle Tre Valli."
HospitalSCQ5,In what country is a certain city located?,"Hospital setting
Pasquale Di Gennaro first studied to become a nursing assistant, but after working some years he decided to continue studying to become a certified nurse. He took his degree in May 2001. On September 21 (2001) he was employed at Ospedale Riunito delle Tre Valli in the city of Nocera Inferiore (IT). In the hospital there are different unions organising the staff. Pasquale Di Gennaro has been the union representative for male nurses at Ospedale Riunito delle Tre Valli from 2002. Senior doctors regularly evaluate all employees working with patient care, and these written statements are stored for future reference.
To constantly update their knowledge both nurses and doctors read research articles that can be found in article collections at the hospital library. Article collections are usually available both as books and electronically on CDs. In 2008 an article collection entitled 'Nurse practices in cancer patient care – longitudinal studies at Italian hospitals' was published as a book. The book contains an article by Pasquale Di Gennaro, entitled 'A 5 year-program for improving cancer care – experiences and future directions'. In total the book version of this collection has 346 pages. For discussing new articles Italian hospitals regularly hold seminars where a number of articles are presented. In December 2008 such a seminar was held in Nocera Inferiore at Ospedale Riunito delle Tre Valli."
HospitalSCQ6,Who are the members of a certain union at a certain point in time?,"Hospital setting
Pasquale Di Gennaro first studied to become a nursing assistant, but after working some years he decided to continue studying to become a certified nurse. He took his degree in May 2001. On September 21 (2001) he was employed at Ospedale Riunito delle Tre Valli in the city of Nocera Inferiore (IT). In the hospital there are different unions organising the staff. Pasquale Di Gennaro has been the union representative for male nurses at Ospedale Riunito delle Tre Valli from 2002. Senior doctors regularly evaluate all employees working with patient care, and these written statements are stored for future reference.
To constantly update their knowledge both nurses and doctors read research articles that can be found in article collections at the hospital library. Article collections are usually available both as books and electronically on CDs. In 2008 an article collection entitled 'Nurse practices in cancer patient care – longitudinal studies at Italian hospitals' was published as a book. The book contains an article by Pasquale Di Gennaro, entitled 'A 5 year-program for improving cancer care – experiences and future directions'. In total the book version of this collection has 346 pages. For discussing new articles Italian hospitals regularly hold seminars where a number of articles are presented. In December 2008 such a seminar was held in Nocera Inferiore at Ospedale Riunito delle Tre Valli."
HospitalSCQ7,What role does a certain person have within a certain union group at a certain point in time?,"Hospital setting
Pasquale Di Gennaro first studied to become a nursing assistant, but after working some years he decided to continue studying to become a certified nurse. He took his degree in May 2001. On September 21 (2001) he was employed at Ospedale Riunito delle Tre Valli in the city of Nocera Inferiore (IT). In the hospital there are different unions organising the staff. Pasquale Di Gennaro has been the union representative for male nurses at Ospedale Riunito delle Tre Valli from 2002. Senior doctors regularly evaluate all employees working with patient care, and these written statements are stored for future reference.
To constantly update their knowledge both nurses and doctors read research articles that can be found in article collections at the hospital library. Article collections are usually available both as books and electronically on CDs. In 2008 an article collection entitled 'Nurse practices in cancer patient care – longitudinal studies at Italian hospitals' was published as a book. The book contains an article by Pasquale Di Gennaro, entitled 'A 5 year-program for improving cancer care – experiences and future directions'. In total the book version of this collection has 346 pages. For discussing new articles Italian hospitals regularly hold seminars where a number of articles are presented. In December 2008 such a seminar was held in Nocera Inferiore at Ospedale Riunito delle Tre Valli."
HospitalSCQ8,What is the evaluation statement given by a certain doctor for a certain employee?,"Hospital setting
Pasquale Di Gennaro first studied to become a nursing assistant, but after working some years he decided to continue studying to become a certified nurse. He took his degree in May 2001. On September 21 (2001) he was employed at Ospedale Riunito delle Tre Valli in the city of Nocera Inferiore (IT). In the hospital there are different unions organising the staff. Pasquale Di Gennaro has been the union representative for male nurses at Ospedale Riunito delle Tre Valli from 2002. Senior doctors regularly evaluate all employees working with patient care, and these written statements are stored for future reference.
To constantly update their knowledge both nurses and doctors read research articles that can be found in article collections at the hospital library. Article collections are usually available both as books and electronically on CDs. In 2008 an article collection entitled 'Nurse practices in cancer patient care – longitudinal studies at Italian hospitals' was published as a book. The book contains an article by Pasquale Di Gennaro, entitled 'A 5 year-program for improving cancer care – experiences and future directions'. In total the book version of this collection has 346 pages. For discussing new articles Italian hospitals regularly hold seminars where a number of articles are presented. In December 2008 such a seminar was held in Nocera Inferiore at Ospedale Riunito delle Tre Valli."
HospitalSCQ9,What articles is a specific book or CD composed of?,"Hospital setting
Pasquale Di Gennaro first studied to become a nursing assistant, but after working some years he decided to continue studying to become a certified nurse. He took his degree in May 2001. On September 21 (2001) he was employed at Ospedale Riunito delle Tre Valli in the city of Nocera Inferiore (IT). In the hospital there are different unions organising the staff. Pasquale Di Gennaro has been the union representative for male nurses at Ospedale Riunito delle Tre Valli from 2002. Senior doctors regularly evaluate all employees working with patient care, and these written statements are stored for future reference.
To constantly update their knowledge both nurses and doctors read research articles that can be found in article collections at the hospital library. Article collections are usually available both as books and electronically on CDs. In 2008 an article collection entitled 'Nurse practices in cancer patient care – longitudinal studies at Italian hospitals' was published as a book. The book contains an article by Pasquale Di Gennaro, entitled 'A 5 year-program for improving cancer care – experiences and future directions'. In total the book version of this collection has 346 pages. For discussing new articles Italian hospitals regularly hold seminars where a number of articles are presented. In December 2008 such a seminar was held in Nocera Inferiore at Ospedale Riunito delle Tre Valli."
HospitalSCQ10,How many pages does a particular book contain?,"Hospital setting
Pasquale Di Gennaro first studied to become a nursing assistant, but after working some years he decided to continue studying to become a certified nurse. He took his degree in May 2001. On September 21 (2001) he was employed at Ospedale Riunito delle Tre Valli in the city of Nocera Inferiore (IT). In the hospital there are different unions organising the staff. Pasquale Di Gennaro has been the union representative for male nurses at Ospedale Riunito delle Tre Valli from 2002. Senior doctors regularly evaluate all employees working with patient care, and these written statements are stored for future reference.
To constantly update their knowledge both nurses and doctors read research articles that can be found in article collections at the hospital library. Article collections are usually available both as books and electronically on CDs. In 2008 an article collection entitled 'Nurse practices in cancer patient care – longitudinal studies at Italian hospitals' was published as a book. The book contains an article by Pasquale Di Gennaro, entitled 'A 5 year-program for improving cancer care – experiences and future directions'. In total the book version of this collection has 346 pages. For discussing new articles Italian hospitals regularly hold seminars where a number of articles are presented. In December 2008 such a seminar was held in Nocera Inferiore at Ospedale Riunito delle Tre Valli."
HospitalSCQ11,When was a certain book or CD published?,"Hospital setting
Pasquale Di Gennaro first studied to become a nursing assistant, but after working some years he decided to continue studying to become a certified nurse. He took his degree in May 2001. On September 21 (2001) he was employed at Ospedale Riunito delle Tre Valli in the city of Nocera Inferiore (IT). In the hospital there are different unions organising the staff. Pasquale Di Gennaro has been the union representative for male nurses at Ospedale Riunito delle Tre Valli from 2002. Senior doctors regularly evaluate all employees working with patient care, and these written statements are stored for future reference.
To constantly update their knowledge both nurses and doctors read research articles that can be found in article collections at the hospital library. Article collections are usually available both as books and electronically on CDs. In 2008 an article collection entitled 'Nurse practices in cancer patient care – longitudinal studies at Italian hospitals' was published as a book. The book contains an article by Pasquale Di Gennaro, entitled 'A 5 year-program for improving cancer care – experiences and future directions'. In total the book version of this collection has 346 pages. For discussing new articles Italian hospitals regularly hold seminars where a number of articles are presented. In December 2008 such a seminar was held in Nocera Inferiore at Ospedale Riunito delle Tre Valli."
HospitalSCQ12,When did a certain seminar take place?,"Hospital setting
Pasquale Di Gennaro first studied to become a nursing assistant, but after working some years he decided to continue studying to become a certified nurse. He took his degree in May 2001. On September 21 (2001) he was employed at Ospedale Riunito delle Tre Valli in the city of Nocera Inferiore (IT). In the hospital there are different unions organising the staff. Pasquale Di Gennaro has been the union representative for male nurses at Ospedale Riunito delle Tre Valli from 2002. Senior doctors regularly evaluate all employees working with patient care, and these written statements are stored for future reference.
To constantly update their knowledge both nurses and doctors read research articles that can be found in article collections at the hospital library. Article collections are usually available both as books and electronically on CDs. In 2008 an article collection entitled 'Nurse practices in cancer patient care – longitudinal studies at Italian hospitals' was published as a book. The book contains an article by Pasquale Di Gennaro, entitled 'A 5 year-program for improving cancer care – experiences and future directions'. In total the book version of this collection has 346 pages. For discussing new articles Italian hospitals regularly hold seminars where a number of articles are presented. In December 2008 such a seminar was held in Nocera Inferiore at Ospedale Riunito delle Tre Valli."
HospitalSCQ13,What articles were presented in a certain seminar?,"Hospital setting
Pasquale Di Gennaro first studied to become a nursing assistant, but after working some years he decided to continue studying to become a certified nurse. He took his degree in May 2001. On September 21 (2001) he was employed at Ospedale Riunito delle Tre Valli in the city of Nocera Inferiore (IT). In the hospital there are different unions organising the staff. Pasquale Di Gennaro has been the union representative for male nurses at Ospedale Riunito delle Tre Valli from 2002. Senior doctors regularly evaluate all employees working with patient care, and these written statements are stored for future reference.
To constantly update their knowledge both nurses and doctors read research articles that can be found in article collections at the hospital library. Article collections are usually available both as books and electronically on CDs. In 2008 an article collection entitled 'Nurse practices in cancer patient care – longitudinal studies at Italian hospitals' was published as a book. The book contains an article by Pasquale Di Gennaro, entitled 'A 5 year-program for improving cancer care – experiences and future directions'. In total the book version of this collection has 346 pages. For discussing new articles Italian hospitals regularly hold seminars where a number of articles are presented. In December 2008 such a seminar was held in Nocera Inferiore at Ospedale Riunito delle Tre Valli."
HospitalSCQ14,Where did a certain seminar take place?,"Hospital setting
Pasquale Di Gennaro first studied to become a nursing assistant, but after working some years he decided to continue studying to become a certified nurse. He took his degree in May 2001. On September 21 (2001) he was employed at Ospedale Riunito delle Tre Valli in the city of Nocera Inferiore (IT). In the hospital there are different unions organising the staff. Pasquale Di Gennaro has been the union representative for male nurses at Ospedale Riunito delle Tre Valli from 2002. Senior doctors regularly evaluate all employees working with patient care, and these written statements are stored for future reference.
To constantly update their knowledge both nurses and doctors read research articles that can be found in article collections at the hospital library. Article collections are usually available both as books and electronically on CDs. In 2008 an article collection entitled 'Nurse practices in cancer patient care – longitudinal studies at Italian hospitals' was published as a book. The book contains an article by Pasquale Di Gennaro, entitled 'A 5 year-program for improving cancer care – experiences and future directions'. In total the book version of this collection has 346 pages. For discussing new articles Italian hospitals regularly hold seminars where a number of articles are presented. In December 2008 such a seminar was held in Nocera Inferiore at Ospedale Riunito delle Tre Valli."
HospitalSCQ15,At least one article is always presented at each seminar.,"Hospital setting
Pasquale Di Gennaro first studied to become a nursing assistant, but after working some years he decided to continue studying to become a certified nurse. He took his degree in May 2001. On September 21 (2001) he was employed at Ospedale Riunito delle Tre Valli in the city of Nocera Inferiore (IT). In the hospital there are different unions organising the staff. Pasquale Di Gennaro has been the union representative for male nurses at Ospedale Riunito delle Tre Valli from 2002. Senior doctors regularly evaluate all employees working with patient care, and these written statements are stored for future reference.
To constantly update their knowledge both nurses and doctors read research articles that can be found in article collections at the hospital library. Article collections are usually available both as books and electronically on CDs. In 2008 an article collection entitled 'Nurse practices in cancer patient care – longitudinal studies at Italian hospitals' was published as a book. The book contains an article by Pasquale Di Gennaro, entitled 'A 5 year-program for improving cancer care – experiences and future directions'. In total the book version of this collection has 346 pages. For discussing new articles Italian hospitals regularly hold seminars where a number of articles are presented. In December 2008 such a seminar was held in Nocera Inferiore at Ospedale Riunito delle Tre Valli."
