Name,Information,Pattern_owl
agentrole,,"<?xml version=""1.0""?>


<!DOCTYPE rdf:RDF [
    <!ENTITY owl ""http://www.w3.org/2002/07/owl#"" >
    <!ENTITY xsd ""http://www.w3.org/2001/XMLSchema#"" >
    <!ENTITY rdfs ""http://www.w3.org/2000/01/rdf-schema#"" >
    <!ENTITY rdf ""http://www.w3.org/1999/02/22-rdf-syntax-ns#"" >
    <!ENTITY agentrole ""http://www.ontologydesignpatterns.org/cp/owl/agentrole.owl#"" >
    <!ENTITY objectrole ""http://www.ontologydesignpatterns.org/cp/owl/objectrole.owl#"" >
    <!ENTITY cpannotationschema ""http://www.ontologydesignpatterns.org/schemas/cpannotationschema.owl#"" >
]>


<rdf:RDF xmlns=""http://www.ontologydesignpatterns.org/cp/owl/agentrole.owl#""
     xml:base=""http://www.ontologydesignpatterns.org/cp/owl/agentrole.owl""
     xmlns:agentrole=""http://www.ontologydesignpatterns.org/cp/owl/agentrole.owl#""
     xmlns:rdfs=""http://www.w3.org/2000/01/rdf-schema#""
     xmlns:cpannotationschema=""http://www.ontologydesignpatterns.org/schemas/cpannotationschema.owl#""
     xmlns:owl=""http://www.w3.org/2002/07/owl#""
     xmlns:xsd=""http://www.w3.org/2001/XMLSchema#""
     xmlns:rdf=""http://www.w3.org/1999/02/22-rdf-syntax-ns#""
     xmlns:objectrole=""http://www.ontologydesignpatterns.org/cp/owl/objectrole.owl#"">
    <owl:Ontology rdf:about=""http://www.ontologydesignpatterns.org/cp/owl/agentrole.owl"">
        <rdfs:label rdf:datatype=""&rdf;PlainLiteral"">agent role</rdfs:label>
        <owl:versionInfo rdf:datatype=""&xsd;string"">1.1 added rdfs:isDefinedBy for all named entities</owl:versionInfo>
        <owl:versionInfo rdf:datatype=""&xsd;string"">Created by Aldo Gangemi and Valentina Presutti</owl:versionInfo>
        <cpannotationschema:scenarios rdf:datatype=""&rdf;PlainLiteral"">She greeted us all in her various roles of mother, friend, and daughter.</cpannotationschema:scenarios>
        <cpannotationschema:relatedCPs rdf:datatype=""&rdf;PlainLiteral"">The time indexed person role CP available at http://www.ontologydesignpatterns.org/cp/owl/timeiindexedpersonrole.owl allows to represent temporariness of roles played by persons. It can be generalized for including objects or, alternatively the n-ary classification CP avaliable at http://www.ontologydesignpatterns.org/cp/owl/naryclassification.owl can be specialized in order to obtain the same expressivity.</cpannotationschema:relatedCPs>
        <cpannotationschema:hasConsequences rdf:datatype=""&rdf;PlainLiteral"">This CP allows designers to make assertions on roles played by agents without involving the agents that play that roles, and vice versa. It does not allow to express temporariness of roles.</cpannotationschema:hasConsequences>
        <cpannotationschema:hasIntent rdf:datatype=""&rdf;PlainLiteral"">To represent agents and the roles they play.</cpannotationschema:hasIntent>
        <cpannotationschema:isSpecializationOf rdf:datatype=""&rdf;PlainLiteral"">http://www.ontologydesignpatterns.org/cp/owl/objectrole.owl</cpannotationschema:isSpecializationOf>
        <cpannotationschema:extractedFrom rdf:datatype=""&rdf;PlainLiteral"">http://www.ontologydesignpatterns.org/ont/dul/DUL.owl</cpannotationschema:extractedFrom>
        <cpannotationschema:coversRequirements rdf:datatype=""&rdf;PlainLiteral"">which agent does play this role? 
what is the role that played by that agent?</cpannotationschema:coversRequirements>
        <owl:imports rdf:resource=""http://www.ontologydesignpatterns.org/cp/owl/objectrole.owl""/>
        <owl:imports rdf:resource=""http://www.ontologydesignpatterns.org/schemas/cpannotationschema.owl""/>
    </owl:Ontology>
    


    <!-- 
    ///////////////////////////////////////////////////////////////////////////////////////
    //
    // Annotation properties
    //
    ///////////////////////////////////////////////////////////////////////////////////////
     -->

    <owl:AnnotationProperty rdf:about=""&cpannotationschema;isCloneOf""/>
    <owl:AnnotationProperty rdf:about=""&cpannotationschema;hasConsequences""/>
    <owl:AnnotationProperty rdf:about=""&cpannotationschema;scenarios""/>
    <owl:AnnotationProperty rdf:about=""&cpannotationschema;extractedFrom""/>
    <owl:AnnotationProperty rdf:about=""&cpannotationschema;coversRequirements""/>
    <owl:AnnotationProperty rdf:about=""&cpannotationschema;hasIntent""/>
    <owl:AnnotationProperty rdf:about=""&rdfs;label""/>
    <owl:AnnotationProperty rdf:about=""&cpannotationschema;isSpecializationOf""/>
    <owl:AnnotationProperty rdf:about=""&rdfs;comment""/>
    <owl:AnnotationProperty rdf:about=""&owl;versionInfo""/>
    <owl:AnnotationProperty rdf:about=""&rdfs;isDefinedBy""/>
    <owl:AnnotationProperty rdf:about=""&cpannotationschema;relatedCPs""/>
    


    <!-- 
    ///////////////////////////////////////////////////////////////////////////////////////
    //
    // Classes
    //
    ///////////////////////////////////////////////////////////////////////////////////////
     -->

    


    <!-- http://www.ontologydesignpatterns.org/cp/owl/agentrole.owl#Agent -->

    <owl:Class rdf:about=""&agentrole;Agent"">
        <rdfs:label xml:lang=""en"">Agent</rdfs:label>
        <rdfs:label xml:lang=""it"">Agente</rdfs:label>
        <rdfs:subClassOf rdf:resource=""&objectrole;Object""/>
        <owl:disjointWith rdf:resource=""&objectrole;Role""/>
        <cpannotationschema:isCloneOf>http://www.ontologydesignpatterns.org/ont/dul/DUL.owl#Agent</cpannotationschema:isCloneOf>
        <rdfs:comment>Any agentive Object , either physical, or social.</rdfs:comment>
        <rdfs:isDefinedBy rdf:resource=""http://www.ontologydesignpatterns.org/cp/owl/agentrole.owl""/>
    </owl:Class>
    


    <!-- http://www.ontologydesignpatterns.org/cp/owl/objectrole.owl#Object -->

    <owl:Class rdf:about=""&objectrole;Object""/>
    


    <!-- http://www.ontologydesignpatterns.org/cp/owl/objectrole.owl#Role -->

    <owl:Class rdf:about=""&objectrole;Role""/>
</rdf:RDF>



<!-- Generated by the OWL API (version 3.1.0.1602) http://owlapi.sourceforge.net -->
"
Aquatic resources,,"<?xml version=""1.0""?>


<!DOCTYPE rdf:RDF [
    <!ENTITY owl ""http://www.w3.org/2002/07/owl#"" >
    <!ENTITY xsd ""http://www.w3.org/2001/XMLSchema#"" >
    <!ENTITY owl2xml ""http://www.w3.org/2006/12/owl2-xml#"" >
    <!ENTITY rdfs ""http://www.w3.org/2000/01/rdf-schema#"" >
    <!ENTITY rdf ""http://www.w3.org/1999/02/22-rdf-syntax-ns#"" >
    <!ENTITY cpannotationschema ""http://www.ontologydesignpatterns.org/schemas/cpannotationschema.owl#"" >
    <!ENTITY aquaticresources ""http://www.ontologydesignpatterns.org/cp/owl/fsdas/aquaticresources.owl#"" >
]>


<rdf:RDF xmlns=""http://www.ontologydesignpatterns.org/cp/owl/fsdas/aquaticresources.owl#""
     xml:base=""http://www.ontologydesignpatterns.org/cp/owl/fsdas/aquaticresources.owl""
     xmlns:owl2xml=""http://www.w3.org/2006/12/owl2-xml#""
     xmlns:xsd=""http://www.w3.org/2001/XMLSchema#""
     xmlns:aquaticresources=""http://www.ontologydesignpatterns.org/cp/owl/fsdas/aquaticresources.owl#""
     xmlns:cpannotationschema=""http://www.ontologydesignpatterns.org/schemas/cpannotationschema.owl#""
     xmlns:rdfs=""http://www.w3.org/2000/01/rdf-schema#""
     xmlns:rdf=""http://www.w3.org/1999/02/22-rdf-syntax-ns#""
     xmlns:owl=""http://www.w3.org/2002/07/owl#"">
    <owl:Ontology rdf:about="""">
        <owl:versionInfo rdf:datatype=""&xsd;string""
            >1.1
changed hasWaterArea to canOccurIn</owl:versionInfo>
        <cpannotationschema:coversRequirements
            >What species are present in this aquatic resource/stock? In what water area this aquatic resource/stock lives in?</cpannotationschema:coversRequirements>
        <cpannotationschema:hasIntent
            >To represent aquatic resources or stocks as composed of aquatic organisms from one or more species, and living in a water area.</cpannotationschema:hasIntent>
        <owl:versionInfo
            >Created by Aldo Gangemi</owl:versionInfo>
        <cpannotationschema:hasConsequences
            >Relations between aquatic resources and either aquatic species or water areas can be represented. In order to infer what species typically live in what water areas however, an application needs to add a SWRL rule, or a SPARQL query that unifies the hasSpecies and hasWaterArea relations.</cpannotationschema:hasConsequences>
        <cpannotationschema:scenarios
            >give me the Species for water area 24</cpannotationschema:scenarios>
        <cpannotationschema:scenarios
            >give me the Water areas for species Gadus morhua</cpannotationschema:scenarios>
        <owl:imports rdf:resource=""http://www.ontologydesignpatterns.org/schemas/cpannotationschema.owl""/>
    </owl:Ontology>
    


    <!-- 
    ///////////////////////////////////////////////////////////////////////////////////////
    //
    // Annotation properties
    //
    ///////////////////////////////////////////////////////////////////////////////////////
     -->

    <owl:AnnotationProperty rdf:about=""&cpannotationschema;hasIntent""/>
    <owl:AnnotationProperty rdf:about=""&cpannotationschema;coversRequirements""/>
    <owl:AnnotationProperty rdf:about=""&cpannotationschema;scenarios""/>
    <owl:AnnotationProperty rdf:about=""&cpannotationschema;hasConsequences""/>
    


    <!-- 
    ///////////////////////////////////////////////////////////////////////////////////////
    //
    // Object Properties
    //
    ///////////////////////////////////////////////////////////////////////////////////////
     -->

    


    <!-- http://www.ontologydesignpatterns.org/cp/owl/fsdas/aquaticresources.owl#canOccurIn -->

    <owl:ObjectProperty rdf:about=""#canOccurIn"">
        <rdfs:label xml:lang=""en"">has water area</rdfs:label>
        <rdfs:range rdf:resource=""#WaterArea""/>
        <rdfs:domain rdf:resource=""&owl;Thing""/>
    </owl:ObjectProperty>
    


    <!-- http://www.ontologydesignpatterns.org/cp/owl/fsdas/aquaticresources.owl#hasSpecies -->

    <owl:ObjectProperty rdf:about=""#hasSpecies"">
        <rdfs:label xml:lang=""en"">has species</rdfs:label>
        <rdfs:comment xml:lang=""en"">has species</rdfs:comment>
        <rdfs:domain rdf:resource=""#AquaticResource""/>
        <rdfs:range rdf:resource=""#AquaticSpecies""/>
        <owl:inverseOf rdf:resource=""#isSpeciesPresentIn""/>
    </owl:ObjectProperty>
    


    <!-- http://www.ontologydesignpatterns.org/cp/owl/fsdas/aquaticresources.owl#isAreaOfOccurrenceOf -->

    <owl:ObjectProperty rdf:about=""#isAreaOfOccurrenceOf"">
        <rdfs:label xml:lang=""en""
            >is water area of</rdfs:label>
        <rdfs:domain rdf:resource=""#WaterArea""/>
        <owl:inverseOf rdf:resource=""#canOccurIn""/>
        <rdfs:range rdf:resource=""&owl;Thing""/>
    </owl:ObjectProperty>
    


    <!-- http://www.ontologydesignpatterns.org/cp/owl/fsdas/aquaticresources.owl#isSpeciesPresentIn -->

    <owl:ObjectProperty rdf:about=""#isSpeciesPresentIn"">
        <rdfs:label xml:lang=""en""
            >is species present in</rdfs:label>
        <rdfs:range rdf:resource=""#AquaticResource""/>
        <rdfs:domain rdf:resource=""#AquaticSpecies""/>
    </owl:ObjectProperty>
    


    <!-- 
    ///////////////////////////////////////////////////////////////////////////////////////
    //
    // Classes
    //
    ///////////////////////////////////////////////////////////////////////////////////////
     -->

    


    <!-- http://www.ontologydesignpatterns.org/cp/owl/fsdas/aquaticresources.owl#AquaticResource -->

    <owl:Class rdf:about=""#AquaticResource"">
        <rdfs:label xml:lang=""en""
            >Aquatic resource</rdfs:label>
        <rdfs:subClassOf>
            <owl:Restriction>
                <owl:onProperty rdf:resource=""#canOccurIn""/>
                <owl:someValuesFrom rdf:resource=""#WaterArea""/>
            </owl:Restriction>
        </rdfs:subClassOf>
        <rdfs:subClassOf>
            <owl:Restriction>
                <owl:onProperty rdf:resource=""#hasSpecies""/>
                <owl:someValuesFrom rdf:resource=""#AquaticSpecies""/>
            </owl:Restriction>
        </rdfs:subClassOf>
        <owl:disjointWith rdf:resource=""#AquaticSpecies""/>
        <owl:disjointWith rdf:resource=""#WaterArea""/>
        <rdfs:comment
            >A fishery resource (a collection of actual aquatic organisms) that can include aquatic organisms from different AquaticSpecies, and is localized in some WaterArea.
It can be mapped to fi:AqResRef</rdfs:comment>
    </owl:Class>
    


    <!-- http://www.ontologydesignpatterns.org/cp/owl/fsdas/aquaticresources.owl#AquaticSpecies -->

    <owl:Class rdf:about=""#AquaticSpecies"">
        <rdfs:label xml:lang=""en"">Aquatic species</rdfs:label>
        <owl:disjointWith rdf:resource=""#WaterArea""/>
        <rdfs:comment
            >Aquatic species are conceptual entities that are characterized together with resources and water areas. 
Mappable to fi:Species, fi:SpeciesRef, fi:SpeciesFeature, etc.
It has related axioms from FIGIS Schema that are included in the classes linked to the fi:Species class, such as fi:SpeciesRef (holding association with fi:AqResRef, which holds association with fi:WaterAreaRef).</rdfs:comment>
    </owl:Class>
    


    <!-- http://www.ontologydesignpatterns.org/cp/owl/fsdas/aquaticresources.owl#WaterArea -->

    <owl:Class rdf:about=""#WaterArea"">
        <rdfs:label xml:lang=""en"">Water area</rdfs:label>
        <rdfs:comment
            >A physical water area. Mappable to fi:WaterAreaRef</rdfs:comment>
    </owl:Class>
    


    <!-- http://www.w3.org/2002/07/owl#Thing -->

    <owl:Class rdf:about=""&owl;Thing""/>
</rdf:RDF>



<!-- Generated by the OWL API (version 2.2.1.1138) http://owlapi.sourceforge.net -->
"
Classification,"<?xml version=""1.0""?>


<!DOCTYPE rdf:RDF [
    <!ENTITY owl ""http://www.w3.org/2002/07/owl#"" >
    <!ENTITY xsd ""http://www.w3.org/2001/XMLSchema#"" >
    <!ENTITY rdfs ""http://www.w3.org/2000/01/rdf-schema#"" >
    <!ENTITY rdf ""http://www.w3.org/1999/02/22-rdf-syntax-ns#"" >
    <!ENTITY classification ""http://www.ontologydesignpatterns.org/cp/owl/classification.owl#"" >
    <!ENTITY cpannotationschema ""http://www.ontologydesignpatterns.org/schemas/cpannotationschema.owl#"" >
]>


<rdf:RDF xmlns=""http://www.ontologydesignpatterns.org/cp/owl/classification.owl#""
     xml:base=""http://www.ontologydesignpatterns.org/cp/owl/classification.owl""
     xmlns:rdfs=""http://www.w3.org/2000/01/rdf-schema#""
     xmlns:cpannotationschema=""http://www.ontologydesignpatterns.org/schemas/cpannotationschema.owl#""
     xmlns:classification=""http://www.ontologydesignpatterns.org/cp/owl/classification.owl#""
     xmlns:owl=""http://www.w3.org/2002/07/owl#""
     xmlns:xsd=""http://www.w3.org/2001/XMLSchema#""
     xmlns:rdf=""http://www.w3.org/1999/02/22-rdf-syntax-ns#"">
    <owl:Ontology rdf:about=""http://www.ontologydesignpatterns.org/cp/owl/classification.owl"">
        <rdfs:label rdf:datatype=""&rdf;PlainLiteral"">classification</rdfs:label>
        <owl:versionInfo rdf:datatype=""&xsd;string"">1.1 added rdfs:isDefinedBy for all named entities</owl:versionInfo>
        <owl:versionInfo rdf:datatype=""&xsd;string"">Created by Valentina Presutti</owl:versionInfo>
        <cpannotationschema:hasConsequences rdf:datatype=""&xsd;string"">It is possible to make asser tions about e.g., categories, types, roles, which are typically considered at the meta-level of an ontology. Instances of Concept reify such elements, which are therefore put in the ordinary domain of an ontology. It is not possible to parametrize the classiﬁcation over different dimensions e.g., time, space, etc. </cpannotationschema:hasConsequences>
        <cpannotationschema:scenarios rdf:datatype=""&xsd;string"">Mac OSX 10.5 is classiﬁed as an an operating system in the Fujitsu-Siemens product catalog.</cpannotationschema:scenarios>
        <rdfs:comment rdf:datatype=""&rdf;PlainLiteral"">The classification content ontology design pattern. This CP represents the realtions between concepts e.g., roles, task, and entities to which concepts are assigned to e.g., person, activities. The CP is extracted form DOLCE Ultra Lite ontology.</rdfs:comment>
        <cpannotationschema:hasIntent rdf:datatype=""&xsd;string"">To represent the relations between concepts (roles, task, parameters) and entities (person, events, values), which concepts can be assigned to. To formalize the application (e.g. tagging) of informal knowledge 
organization systems such as lexica, thesauri, subject directories, folksonomies, etc., where concepts are ﬁrst-order elements.</cpannotationschema:hasIntent>
        <cpannotationschema:relatedCPs rdf:datatype=""&xsd;string"">Typically combined with descriptionandsituation. It is specialized by cat:objectrole. The n-ary classiﬁcation CP provides an alternative to this if classiﬁcation has to be qualiﬁed over different dimensions.</cpannotationschema:relatedCPs>
        <cpannotationschema:coversRequirements rdf:datatype=""&xsd;string"">What concept is assigned to this entity? Which category does this entity belong to?</cpannotationschema:coversRequirements>
        <cpannotationschema:extractedFrom rdf:datatype=""&rdf;PlainLiteral"">http://www.ontologydesignpatterns.org/ont/dul/DUL.owl</cpannotationschema:extractedFrom>
        <owl:imports rdf:resource=""http://www.ontologydesignpatterns.org/schemas/cpannotationschema.owl""/>
    </owl:Ontology>
    


    <!-- 
    ///////////////////////////////////////////////////////////////////////////////////////
    //
    // Annotation properties
    //
    ///////////////////////////////////////////////////////////////////////////////////////
     -->

    <owl:AnnotationProperty rdf:about=""&owl;versionInfo""/>
    <owl:AnnotationProperty rdf:about=""&cpannotationschema;hasConsequences""/>
    <owl:AnnotationProperty rdf:about=""&cpannotationschema;scenarios""/>
    <owl:AnnotationProperty rdf:about=""&cpannotationschema;extractedFrom""/>
    <owl:AnnotationProperty rdf:about=""&rdfs;isDefinedBy""/>
    <owl:AnnotationProperty rdf:about=""&cpannotationschema;coversRequirements""/>
    <owl:AnnotationProperty rdf:about=""&cpannotationschema;hasIntent""/>
    <owl:AnnotationProperty rdf:about=""&rdfs;label""/>
    <owl:AnnotationProperty rdf:about=""&rdfs;comment""/>
    <owl:AnnotationProperty rdf:about=""&cpannotationschema;relatedCPs""/>
    


    <!-- 
    ///////////////////////////////////////////////////////////////////////////////////////
    //
    // Object Properties
    //
    ///////////////////////////////////////////////////////////////////////////////////////
     -->

    


    <!-- http://www.ontologydesignpatterns.org/cp/owl/classification.owl#classifies -->

    <owl:ObjectProperty rdf:about=""&classification;classifies"">
        <rdfs:label xml:lang=""en"">classifies</rdfs:label>
        <rdfs:label xml:lang=""it"">classifica</rdfs:label>
        <rdfs:comment rdf:datatype=""&xsd;string"">A relation between a Concept and an Entity, e.g. the Role &#39;student&#39; classifies a Person &#39;John&#39;.</rdfs:comment>
        <rdfs:isDefinedBy rdf:resource=""http://www.ontologydesignpatterns.org/cp/owl/classification.owl""/>
        <rdfs:domain rdf:resource=""&classification;Concept""/>
        <owl:inverseOf rdf:resource=""&classification;isClassifiedBy""/>
        <rdfs:range rdf:resource=""&owl;Thing""/>
    </owl:ObjectProperty>
    


    <!-- http://www.ontologydesignpatterns.org/cp/owl/classification.owl#isClassifiedBy -->

    <owl:ObjectProperty rdf:about=""&classification;isClassifiedBy"">
        <rdfs:label xml:lang=""en"">is classified by</rdfs:label>
        <rdfs:label xml:lang=""it"">è classificato da</rdfs:label>
        <rdfs:comment>A relation between a Concept and an Entity, e.g. &#39;John is considered a typical rude man&#39;; your last concert constitutes the achievement of a lifetime; &#39;20-year-old means she&#39;s mature enough&#39;.</rdfs:comment>
        <rdfs:isDefinedBy rdf:resource=""http://www.ontologydesignpatterns.org/cp/owl/classification.owl""/>
        <rdfs:range rdf:resource=""&classification;Concept""/>
        <rdfs:domain rdf:resource=""&owl;Thing""/>
    </owl:ObjectProperty>
    


    <!-- 
    ///////////////////////////////////////////////////////////////////////////////////////
    //
    // Classes
    //
    ///////////////////////////////////////////////////////////////////////////////////////
     -->

    


    <!-- http://www.ontologydesignpatterns.org/cp/owl/classification.owl#Concept -->

    <owl:Class rdf:about=""&classification;Concept"">
        <rdfs:label xml:lang=""en"">Concept</rdfs:label>
        <rdfs:label xml:lang=""it"">Concetto</rdfs:label>
        <rdfs:comment rdf:datatype=""&xsd;string"">A concept is a Social Object. 
The classifies relation relates concepts to entities at some time, but time can only be expressed in the alternative pattern: timeindexedclassification.</rdfs:comment>
        <rdfs:isDefinedBy rdf:resource=""http://www.ontologydesignpatterns.org/cp/owl/classification.owl""/>
    </owl:Class>
    


    <!-- http://www.w3.org/2002/07/owl#Thing -->

    <owl:Class rdf:about=""&owl;Thing""/>
</rdf:RDF>



<!-- Generated by the OWL API (version 3.1.0.1602) http://owlapi.sourceforge.net -->
",
Collection Entity,,"<?xml version=""1.0""?>


<!DOCTYPE rdf:RDF [
    <!ENTITY owl ""http://www.w3.org/2002/07/owl#"" >
    <!ENTITY xsd ""http://www.w3.org/2001/XMLSchema#"" >
    <!ENTITY rdfs ""http://www.w3.org/2000/01/rdf-schema#"" >
    <!ENTITY rdf ""http://www.w3.org/1999/02/22-rdf-syntax-ns#"" >
    <!ENTITY collectionentity ""http://www.ontologydesignpatterns.org/cp/owl/collectionentity.owl#"" >
    <!ENTITY cpannotationschema ""http://www.ontologydesignpatterns.org/schemas/cpannotationschema.owl#"" >
]>


<rdf:RDF xmlns=""http://www.ontologydesignpatterns.org/cp/owl/collectionentity.owl#""
     xml:base=""http://www.ontologydesignpatterns.org/cp/owl/collectionentity.owl""
     xmlns:rdfs=""http://www.w3.org/2000/01/rdf-schema#""
     xmlns:cpannotationschema=""http://www.ontologydesignpatterns.org/schemas/cpannotationschema.owl#""
     xmlns:owl=""http://www.w3.org/2002/07/owl#""
     xmlns:xsd=""http://www.w3.org/2001/XMLSchema#""
     xmlns:rdf=""http://www.w3.org/1999/02/22-rdf-syntax-ns#""
     xmlns:collectionentity=""http://www.ontologydesignpatterns.org/cp/owl/collectionentity.owl#"">
    <owl:Ontology rdf:about=""http://www.ontologydesignpatterns.org/cp/owl/collectionentity.owl"">
        <rdfs:label rdf:datatype=""&rdf;PlainLiteral"">collection entity</rdfs:label>
        <rdfs:label rdf:datatype=""&rdf;PlainLiteral"">membership</rdfs:label>
        <owl:versionInfo rdf:datatype=""&xsd;string"">1.1 added rdfs:isDefinedBy for all named entities</owl:versionInfo>
        <cpannotationschema:hasAuthor rdf:datatype=""&rdf;PlainLiteral"">Aldo Gangemi</cpannotationschema:hasAuthor>
        <cpannotationschema:hasConsequences rdf:datatype=""&rdf;PlainLiteral"">Collections and their members can be associated. Time-indexed membership cannot be represented though (you need a situation-based pattern).</cpannotationschema:hasConsequences>
        <owl:versionInfo rdf:datatype=""&xsd;string"">Created by Aldo Gangemi and Valentina Presutti</owl:versionInfo>
        <cpannotationschema:scenarios rdf:datatype=""&rdf;PlainLiteral"">My saxophone collection includes a Mark VI tenor, a Balanced Action alto, and a Conn Transitional bari.</cpannotationschema:scenarios>
        <rdfs:comment rdf:datatype=""&rdf;PlainLiteral"">The collection entity pattern. 
It is extracted from DOLCE-UltraLite by partial clone of elements.</rdfs:comment>
        <cpannotationschema:relatedCPs rdf:datatype=""&rdf;PlainLiteral"">TimeIndexedMembership</cpannotationschema:relatedCPs>
        <cpannotationschema:hasIntent rdf:datatype=""&rdf;PlainLiteral"">To represent domain (not set theory) membership.</cpannotationschema:hasIntent>
        <cpannotationschema:coversRequirements rdf:datatype=""&rdf;PlainLiteral"">What things are contained in this collection (community, collective)? What collections this thing is member of?</cpannotationschema:coversRequirements>
        <cpannotationschema:extractedFrom rdf:datatype=""&rdf;PlainLiteral"">http://www.ontologydesignpatterns.org/ont/dul/DUL.owl</cpannotationschema:extractedFrom>
        <owl:imports rdf:resource=""http://www.ontologydesignpatterns.org/schemas/cpannotationschema.owl""/>
    </owl:Ontology>
    


    <!-- 
    ///////////////////////////////////////////////////////////////////////////////////////
    //
    // Annotation properties
    //
    ///////////////////////////////////////////////////////////////////////////////////////
     -->

    <owl:AnnotationProperty rdf:about=""&owl;versionInfo""/>
    <owl:AnnotationProperty rdf:about=""&cpannotationschema;hasAuthor""/>
    <owl:AnnotationProperty rdf:about=""&cpannotationschema;hasConsequences""/>
    <owl:AnnotationProperty rdf:about=""&cpannotationschema;scenarios""/>
    <owl:AnnotationProperty rdf:about=""&cpannotationschema;extractedFrom""/>
    <owl:AnnotationProperty rdf:about=""&rdfs;isDefinedBy""/>
    <owl:AnnotationProperty rdf:about=""&cpannotationschema;coversRequirements""/>
    <owl:AnnotationProperty rdf:about=""&cpannotationschema;hasIntent""/>
    <owl:AnnotationProperty rdf:about=""&rdfs;label""/>
    <owl:AnnotationProperty rdf:about=""&rdfs;comment""/>
    <owl:AnnotationProperty rdf:about=""&cpannotationschema;relatedCPs""/>
    


    <!-- 
    ///////////////////////////////////////////////////////////////////////////////////////
    //
    // Object Properties
    //
    ///////////////////////////////////////////////////////////////////////////////////////
     -->

    


    <!-- http://www.ontologydesignpatterns.org/cp/owl/collectionentity.owl#hasMember -->

    <owl:ObjectProperty rdf:about=""&collectionentity;hasMember"">
        <rdfs:label xml:lang=""en"">has member</rdfs:label>
        <rdfs:comment>A relation between collections and entities, e.g. &#39;my collection of saxophones includes an old Adolphe Sax original alto&#39; (i.e. my collection has member an Adolphe Sax alto).</rdfs:comment>
        <rdfs:isDefinedBy rdf:resource=""http://www.ontologydesignpatterns.org/cp/owl/collectionentity.owl""/>
        <rdfs:domain rdf:resource=""&collectionentity;Collection""/>
        <owl:inverseOf rdf:resource=""&collectionentity;isMemberOf""/>
        <rdfs:range rdf:resource=""&owl;Thing""/>
    </owl:ObjectProperty>
    


    <!-- http://www.ontologydesignpatterns.org/cp/owl/collectionentity.owl#isMemberOf -->

    <owl:ObjectProperty rdf:about=""&collectionentity;isMemberOf"">
        <rdfs:label xml:lang=""en"">is member of</rdfs:label>
        <rdfs:isDefinedBy rdf:resource=""http://www.ontologydesignpatterns.org/cp/owl/collectionentity.owl""/>
        <rdfs:range rdf:resource=""&collectionentity;Collection""/>
        <rdfs:domain rdf:resource=""&owl;Thing""/>
    </owl:ObjectProperty>
    


    <!-- 
    ///////////////////////////////////////////////////////////////////////////////////////
    //
    // Classes
    //
    ///////////////////////////////////////////////////////////////////////////////////////
     -->

    


    <!-- http://www.ontologydesignpatterns.org/cp/owl/collectionentity.owl#Collection -->

    <owl:Class rdf:about=""&collectionentity;Collection"">
        <rdfs:label xml:lang=""en"">Collection</rdfs:label>
        <rdfs:comment>Any container for entities that share one or more common properties. E.g. &quot;stone objects&quot;, &quot;the nurses&quot;, &quot;the Louvre Aegyptian collection&quot;. A collection is not a logical class: a collection is a first-order entity, while a class is a second-order one.</rdfs:comment>
        <rdfs:isDefinedBy rdf:resource=""http://www.ontologydesignpatterns.org/cp/owl/collectionentity.owl""/>
    </owl:Class>
    


    <!-- http://www.w3.org/2002/07/owl#Thing -->

    <owl:Class rdf:about=""&owl;Thing""/>
</rdf:RDF>



<!-- Generated by the OWL API (version 3.1.0.1602) http://owlapi.sourceforge.net -->
"
Part Of,,"<?xml version=""1.0""?>


<!DOCTYPE rdf:RDF [
    <!ENTITY owl ""http://www.w3.org/2002/07/owl#"" >
    <!ENTITY xsd ""http://www.w3.org/2001/XMLSchema#"" >
    <!ENTITY rdfs ""http://www.w3.org/2000/01/rdf-schema#"" >
    <!ENTITY rdf ""http://www.w3.org/1999/02/22-rdf-syntax-ns#"" >
    <!ENTITY partof ""http://www.ontologydesignpatterns.org/cp/owl/partof.owl#"" >
    <!ENTITY cpannotationschema ""http://www.ontologydesignpatterns.org/schemas/cpannotationschema.owl#"" >
]>


<rdf:RDF xmlns=""http://www.ontologydesignpatterns.org/cp/owl/partof.owl#""
     xml:base=""http://www.ontologydesignpatterns.org/cp/owl/partof.owl""
     xmlns:rdfs=""http://www.w3.org/2000/01/rdf-schema#""
     xmlns:cpannotationschema=""http://www.ontologydesignpatterns.org/schemas/cpannotationschema.owl#""
     xmlns:partof=""http://www.ontologydesignpatterns.org/cp/owl/partof.owl#""
     xmlns:owl=""http://www.w3.org/2002/07/owl#""
     xmlns:xsd=""http://www.w3.org/2001/XMLSchema#""
     xmlns:rdf=""http://www.w3.org/1999/02/22-rdf-syntax-ns#"">
    <owl:Ontology rdf:about=""http://www.ontologydesignpatterns.org/cp/owl/partof.owl"">
        <rdfs:label rdf:datatype=""&rdf;PlainLiteral"">part of</rdfs:label>
        <rdfs:label rdf:datatype=""&rdf;PlainLiteral"">part-whole</rdfs:label>
        <owl:versionInfo rdf:datatype=""&xsd;string"">1.1 added rdfs:isDefinedBy for all named entities</owl:versionInfo>
        <cpannotationschema:scenarios rdf:datatype=""&xsd;string"">Brain and heart are parts of the human body, substantia nigra is part of brain.</cpannotationschema:scenarios>
        <owl:versionInfo rdf:datatype=""&xsd;string"">Created by Valentina Presutti</owl:versionInfo>
        <cpannotationschema:relatedCPs rdf:datatype=""&xsd;string"">The time indexed part of is used as alternative when the temporal indexing has to be represented. Part of CP is specialized by componency. Sometimes this CP is wrongly used in order to model constituency and membership. These two modeling problems are addressed by constituency, and collection entity CPs, respectively.</cpannotationschema:relatedCPs>
        <cpannotationschema:hasConsequences rdf:datatype=""&xsd;string"">This CP allows designers to represent entities and their parts i.e., part-whole relations, with transitivity. The temporal aspect of this relation cannot be expressed; in order to solve this issue the time indexed part of CP can be used.</cpannotationschema:hasConsequences>
        <cpannotationschema:hasIntent rdf:datatype=""&xsd;string"">To represents entities and their parts.</cpannotationschema:hasIntent>
        <cpannotationschema:coversRequirements rdf:datatype=""&xsd;string"">What is this entity part of? What are the parts of this entity?</cpannotationschema:coversRequirements>
        <owl:imports rdf:resource=""http://www.ontologydesignpatterns.org/schemas/cpannotationschema.owl""/>
    </owl:Ontology>
    


    <!-- 
    ///////////////////////////////////////////////////////////////////////////////////////
    //
    // Annotation properties
    //
    ///////////////////////////////////////////////////////////////////////////////////////
     -->

    <owl:AnnotationProperty rdf:about=""&owl;versionInfo""/>
    <owl:AnnotationProperty rdf:about=""&cpannotationschema;hasConsequences""/>
    <owl:AnnotationProperty rdf:about=""&cpannotationschema;scenarios""/>
    <owl:AnnotationProperty rdf:about=""&rdfs;isDefinedBy""/>
    <owl:AnnotationProperty rdf:about=""&cpannotationschema;coversRequirements""/>
    <owl:AnnotationProperty rdf:about=""&cpannotationschema;hasIntent""/>
    <owl:AnnotationProperty rdf:about=""&rdfs;label""/>
    <owl:AnnotationProperty rdf:about=""&rdfs;comment""/>
    <owl:AnnotationProperty rdf:about=""&cpannotationschema;relatedCPs""/>
    


    <!-- 
    ///////////////////////////////////////////////////////////////////////////////////////
    //
    // Object Properties
    //
    ///////////////////////////////////////////////////////////////////////////////////////
     -->

    


    <!-- http://www.ontologydesignpatterns.org/cp/owl/partof.owl#hasPart -->

    <owl:ObjectProperty rdf:about=""&partof;hasPart"">
        <rdf:type rdf:resource=""&owl;TransitiveProperty""/>
        <rdfs:label xml:lang=""en"">has part</rdfs:label>
        <rdfs:comment>A transitive relation expressing parthood between any entities, e.g. &#39;the human body has a brain as part&#39;. When specializing this pattern, take care of restricting the domain and range appropriately, since it could be counterintuitive to use this relation arbitrarily, e.g. between animals and planets. For an intransitive partof pattern, see &#39;componency&#39;.</rdfs:comment>
        <rdfs:isDefinedBy rdf:resource=""http://www.ontologydesignpatterns.org/cp/owl/partof.owl""/>
        <owl:inverseOf rdf:resource=""&partof;isPartOf""/>
        <rdfs:range rdf:resource=""&owl;Thing""/>
        <rdfs:domain rdf:resource=""&owl;Thing""/>
    </owl:ObjectProperty>
    


    <!-- http://www.ontologydesignpatterns.org/cp/owl/partof.owl#isPartOf -->

    <owl:ObjectProperty rdf:about=""&partof;isPartOf"">
        <rdf:type rdf:resource=""&owl;TransitiveProperty""/>
        <rdfs:label xml:lang=""en"">is part of</rdfs:label>
        <rdfs:comment>A transitive relation expressing parthood between any entities, e.g. &#39;brain is a part of the human body&#39;. When specializing this pattern, take care of restricting the domain and range appropriately, since it could be counterintuitive to use this relation arbitrarily, e.g. between animals and planets. For an intransitive partof pattern, see &#39;componency&#39;.</rdfs:comment>
        <rdfs:isDefinedBy rdf:resource=""http://www.ontologydesignpatterns.org/cp/owl/partof.owl""/>
        <rdfs:domain rdf:resource=""&owl;Thing""/>
        <rdfs:range rdf:resource=""&owl;Thing""/>
    </owl:ObjectProperty>
    


    <!-- 
    ///////////////////////////////////////////////////////////////////////////////////////
    //
    // Classes
    //
    ///////////////////////////////////////////////////////////////////////////////////////
     -->

    


    <!-- http://www.w3.org/2002/07/owl#Thing -->

    <owl:Class rdf:about=""&owl;Thing""/>
</rdf:RDF>



<!-- Generated by the OWL API (version 3.1.0.1602) http://owlapi.sourceforge.net -->
"
